disc_id,source,param,max_step,mean_step,median_step,total_range,n_frames
disc202208110101,ground_truth,BX,17.0,1.564102564102564,0.0,51.0,40
disc202210060203,ground_truth,BX,14.0,1.6666666666666667,1.0,61.0,40
disc202212020203,ground_truth,BX,12.0,1.6153846153846154,1.0,61.0,40
disc202303140306,ground_truth,BX,12.0,1.3076923076923077,0.0,51.0,40
disc202210060201,ground_truth,BX,11.0,1.5897435897435896,1.0,51.0,40
disc202302230203,ground_truth,BX,11.0,1.4615384615384615,1.0,55.0,40
disc202210110204,ground_truth,BX,10.0,1.2564102564102564,0.0,49.0,40
disc202303140303,ground_truth,BX,10.0,0.9487179487179487,0.0,37.0,40
disc202206290202,ground_truth,BX,9.0,1.358974358974359,1.0,35.0,40
disc202208230101,ground_truth,BY,9.0,1.6923076923076923,1.0,11.0,40
disc202209080107,ground_truth,BX,9.0,1.205128205128205,1.0,42.0,40
disc202302140302,ground_truth,BX,9.0,1.0256410256410255,0.0,40.0,40
disc202302230206,ground_truth,BX,9.0,1.6666666666666667,1.0,65.0,40
disc202303140304,ground_truth,BX,9.0,1.641025641025641,1.0,64.0,40
disc202207130101,ground_truth,BX,8.0,1.0256410256410255,1.0,27.0,40
disc202210060103,ground_truth,BX,8.0,1.0769230769230769,0.0,40.0,40
disc202210110105,ground_truth,BX,8.0,1.7179487179487178,1.0,49.0,40
disc202210130101,ground_truth,BX,8.0,0.8205128205128205,0.0,32.0,40
disc202210200201,ground_truth,BY,8.0,1.8461538461538463,1.0,10.0,40
disc202212020102,ground_truth,BX,8.0,1.205128205128205,1.0,42.0,40
disc202302140302,ground_truth,BY,8.0,1.0512820512820513,1.0,34.0,40
disc202302230205,ground_truth,BX,8.0,1.3846153846153846,1.0,54.0,40
disc202303140202,ground_truth,BY,8.0,0.8974358974358975,0.0,35.0,40
disc202207010302,ground_truth,BY,7.0,0.8205128205128205,0.0,20.0,40
disc202208230101,ground_truth,BX,7.0,1.0,0.0,32.0,40
disc202210110103,ground_truth,BX,7.0,1.0256410256410255,0.0,38.0,40
disc202210200201,ground_truth,BX,7.0,1.2564102564102564,1.0,37.0,40
disc202302090401,ground_truth,BX,7.0,0.8205128205128205,0.0,32.0,40
disc202303020301,ground_truth,BX,7.0,1.3333333333333333,1.0,48.0,40
disc202207130102,ground_truth,BX,6.0,1.2564102564102564,1.0,17.0,40
disc202209080106,ground_truth,BX,6.0,0.717948717948718,0.0,25.0,40
disc202210060201,ground_truth,BY,6.0,0.8205128205128205,1.0,14.0,40
disc202210110206,ground_truth,BX,6.0,1.1538461538461537,0.0,43.0,40
disc202210120101,ground_truth,BX,6.0,1.358974358974359,1.0,30.0,40
disc202210120103,ground_truth,BX,6.0,0.6923076923076923,0.0,27.0,40
disc202210200103,ground_truth,BY,6.0,1.5384615384615385,1.0,29.0,40
disc202210200205,ground_truth,BX,6.0,0.6153846153846154,0.0,24.0,40
disc202212020103,ground_truth,BX,6.0,1.7692307692307692,2.0,51.0,40
disc202302220304,ground_truth,BX,6.0,0.6923076923076923,0.0,27.0,40
disc202302230202,ground_truth,BX,6.0,1.0512820512820513,0.0,41.0,40
disc202303020103,ground_truth,BX,6.0,0.9230769230769231,1.0,32.0,40
disc202303140301,ground_truth,BY,6.0,0.7692307692307693,0.0,30.0,40
disc202303140303,ground_truth,BY,6.0,0.7948717948717948,0.0,30.0,40
disc202206290105,ground_truth,BX,5.0,1.2363636363636363,1.0,22.0,56
disc202206290105,ground_truth,BY,5.0,1.4,1.0,11.0,56
disc202207010301,ground_truth,BX,5.0,0.7692307692307693,0.0,22.0,40
disc202207010401,ground_truth,BX,5.0,1.205128205128205,1.0,29.0,40
disc202207050101,ground_truth,BY,5.0,0.8205128205128205,1.0,17.0,40
disc202209080106,ground_truth,BY,5.0,0.7692307692307693,0.0,14.0,40
disc202210110105,ground_truth,BY,5.0,1.1025641025641026,1.0,19.0,40
disc202210110202,ground_truth,BX,5.0,1.6153846153846154,1.0,40.0,40
disc202210110203,ground_truth,BX,5.0,0.6153846153846154,0.0,20.0,40
disc202210130101,ground_truth,BY,5.0,0.8717948717948718,0.0,34.0,40
disc202210200104,ground_truth,BX,5.0,1.0,1.0,21.0,40
disc202210200302,ground_truth,BX,5.0,0.6410256410256411,0.0,25.0,40
disc202302070203,ground_truth,BX,5.0,0.8205128205128205,0.0,32.0,40
disc202302070402,ground_truth,BX,5.0,1.3333333333333333,1.0,50.0,40
disc202302140301,ground_truth,BY,5.0,0.5384615384615384,0.0,19.0,40
disc202302220301,ground_truth,BX,5.0,0.9230769230769231,0.0,28.0,40
disc202302220301,ground_truth,BY,5.0,0.6410256410256411,0.0,17.0,40
disc202302220305,ground_truth,BX,5.0,0.8461538461538461,0.0,25.0,40
disc202302220403,ground_truth,BX,5.0,1.2820512820512822,1.0,20.0,40
disc202303020101,ground_truth,BX,5.0,0.9230769230769231,0.0,36.0,40
disc202303020102,ground_truth,BX,5.0,1.0512820512820513,0.0,36.0,40
disc202303020202,ground_truth,BX,5.0,0.9487179487179487,1.0,37.0,40
disc202303090201,ground_truth,BX,5.0,0.45,0.0,18.0,41
disc202303140101,ground_truth,BX,5.0,0.7948717948717948,0.0,31.0,40
disc202303140101,ground_truth,BY,5.0,0.6410256410256411,0.0,23.0,40
disc202303140201,ground_truth,BX,5.0,1.1538461538461537,1.0,45.0,40
disc202404250202,ground_truth,BX,5.0,0.4358974358974359,0.0,17.0,40
disc202404250302,ground_truth,BX,5.0,1.0512820512820513,0.0,41.0,40
disc202207010301,ground_truth,BY,4.0,0.8717948717948718,1.0,15.0,40
disc202207050101,ground_truth,BX,4.0,1.4102564102564104,1.0,24.0,40
disc202207110101,ground_truth,BY,4.0,0.6153846153846154,0.0,17.0,40
disc202207130103,ground_truth,BX,4.0,1.3333333333333333,1.0,30.0,40
disc202208110101,ground_truth,BY,4.0,0.8461538461538461,0.0,22.0,40
disc202209080102,ground_truth,BX,4.0,1.1025641025641026,1.0,33.0,40
disc202209080104,ground_truth,BY,4.0,1.3333333333333333,1.0,13.0,40
disc202301160103,ground_truth,BY,4.0,0.7692307692307693,0.0,16.0,40
disc202301160104,ground_truth,BX,4.0,0.3076923076923077,0.0,12.0,40
disc202302070203,ground_truth,BY,4.0,0.7435897435897436,0.0,22.0,40
disc202302070204,ground_truth,BX,4.0,0.8461538461538461,0.0,24.0,40
disc202302140301,ground_truth,BX,4.0,0.5384615384615384,0.0,21.0,40
disc202302220302,ground_truth,BX,4.0,0.7435897435897436,0.0,29.0,40
disc202302220302,ground_truth,BY,4.0,0.5897435897435898,0.0,14.0,40
disc202302230204,ground_truth,BX,4.0,0.6923076923076923,0.0,23.0,40
disc202303020102,ground_truth,BY,4.0,0.8205128205128205,0.0,14.0,40
disc202303020105,ground_truth,BX,4.0,0.717948717948718,0.0,25.0,40
disc202303020106,ground_truth,BX,4.0,0.9487179487179487,0.0,35.0,40
disc202303020301,ground_truth,BY,4.0,0.6410256410256411,0.0,19.0,40
disc202303020303,ground_truth,BX,4.0,0.6666666666666666,0.0,26.0,40
disc202303020303,ground_truth,BY,4.0,0.5128205128205128,0.0,15.0,40
disc202303140301,ground_truth,BX,4.0,0.6153846153846154,0.0,24.0,40
disc202303140302,ground_truth,BX,4.0,0.6410256410256411,0.0,15.0,40
disc202303140302,ground_truth,BY,4.0,1.1282051282051282,1.0,11.0,40
disc202303140306,ground_truth,BY,4.0,0.6410256410256411,0.0,13.0,40
disc202207010302,ground_truth,BX,3.0,0.6923076923076923,0.0,19.0,40
disc202207050102,ground_truth,BY,3.0,0.38461538461538464,0.0,12.0,40
disc202207050104,ground_truth,BX,3.0,1.0,1.0,16.0,40
disc202207110101,ground_truth,BX,3.0,0.5641025641025641,0.0,22.0,40
disc202209080104,ground_truth,BX,3.0,1.0,1.0,21.0,40
disc202209080105,ground_truth,BX,3.0,1.0256410256410255,1.0,23.0,40
disc202209080105,ground_truth,BY,3.0,0.9230769230769231,1.0,15.0,40
disc202210110103,ground_truth,BY,3.0,0.5384615384615384,0.0,13.0,40
disc202210110202,ground_truth,BY,3.0,0.8717948717948718,1.0,20.0,40
disc202210110203,ground_truth,BY,3.0,1.1538461538461537,1.0,14.0,40
disc202210110204,ground_truth,BY,3.0,0.4358974358974359,0.0,15.0,40
disc202210120101,ground_truth,BY,3.0,0.8974358974358975,1.0,11.0,40
disc202210200103,ground_truth,BX,3.0,0.7692307692307693,1.0,18.0,40
disc202210200105,ground_truth,BX,3.0,0.717948717948718,0.0,26.0,40
disc202210200302,ground_truth,BY,3.0,0.4358974358974359,0.0,11.0,40
disc202212020104,ground_truth,BX,3.0,0.38461538461538464,0.0,15.0,40
disc202212020203,ground_truth,BY,3.0,1.0,1.0,23.0,40
disc202301160103,ground_truth,BX,3.0,0.5128205128205128,0.0,18.0,40
disc202302070301,ground_truth,BX,3.0,0.4358974358974359,0.0,15.0,40
disc202302140202,ground_truth,BX,3.0,0.4358974358974359,0.0,17.0,40
disc202302210304,ground_truth,BX,3.0,0.3076923076923077,0.0,12.0,40
disc202302210305,ground_truth,BX,3.0,0.5384615384615384,0.0,21.0,40
disc202302220305,ground_truth,BY,3.0,0.46153846153846156,0.0,17.0,40
disc202302230202,ground_truth,BY,3.0,0.6153846153846154,0.0,16.0,40
disc202303020104,ground_truth,BX,3.0,0.5897435897435898,0.0,23.0,40
disc202303020105,ground_truth,BY,3.0,0.8205128205128205,1.0,15.0,40
disc202303140201,ground_truth,BY,3.0,0.6666666666666666,0.0,20.0,40
disc202303140202,ground_truth,BX,3.0,0.5641025641025641,0.0,20.0,40
disc202404250105,ground_truth,BX,3.0,0.28205128205128205,0.0,11.0,40
disc202404250204,ground_truth,BX,3.0,0.5128205128205128,0.0,20.0,40
disc202404250301,ground_truth,BX,3.0,0.717948717948718,0.0,26.0,40
disc202404250303,ground_truth,BX,3.0,0.5641025641025641,0.0,22.0,40
disc202207050102,ground_truth,BX,2.0,0.38461538461538464,0.0,14.0,40
disc202207050104,ground_truth,BY,2.0,0.7948717948717948,1.0,15.0,40
disc202301160101,ground_truth,BX,2.0,0.3076923076923077,0.0,12.0,40
disc202302070204,ground_truth,BY,2.0,0.48717948717948717,0.0,11.0,40
disc202302070402,ground_truth,BY,2.0,0.38461538461538464,0.0,14.0,40
disc202302090401,ground_truth,BY,2.0,0.5641025641025641,0.0,11.0,40
disc202303020201,ground_truth,BX,2.0,0.41025641025641024,0.0,14.0,40
disc202303020205,ground_truth,BX,2.0,0.358974358974359,0.0,14.0,40
disc202404180202,ground_truth,BX,2.0,0.5384615384615384,0.0,12.0,40
disc202404250104,ground_truth,BX,2.0,0.48717948717948717,0.0,19.0,40
disc202207050101,prediction,BY,7.245465812850767,0.5071098669438313,0.3071944066498986,9.438051983790274,40
disc202207050101,prediction,BX,7.193898020887261,0.758660351891913,0.44210147977823055,10.379854293562893,40
