disc_id,source,BX_max_step,BX_mean_step,BX_total_range,BY_max_step,BY_mean_step,BY_total_range,n_frames
disc202206290105,ground_truth,5.0,1.2363636363636363,22.0,5.0,1.4,11.0,56
disc202206290202,ground_truth,9.0,1.358974358974359,35.0,3.0,0.8717948717948718,8.0,40
disc202207010301,ground_truth,5.0,0.7692307692307693,22.0,4.0,0.8717948717948718,15.0,40
disc202207010302,ground_truth,3.0,0.6923076923076923,19.0,7.0,0.8205128205128205,20.0,40
disc202207010401,ground_truth,5.0,1.205128205128205,29.0,3.0,1.3076923076923077,8.0,40
disc202207050101,ground_truth,4.0,1.4102564102564104,24.0,5.0,0.8205128205128205,17.0,40
disc202207050101,prediction,7.193898020887261,0.758660351891913,10.379854293562893,7.245465812850767,0.5071098669438313,9.438051983790274,40
disc202207050102,ground_truth,2.0,0.38461538461538464,14.0,3.0,0.38461538461538464,12.0,40
disc202207050104,ground_truth,3.0,1.0,16.0,2.0,0.7948717948717948,15.0,40
disc202207110101,ground_truth,3.0,0.5641025641025641,22.0,4.0,0.6153846153846154,17.0,40
disc202207130101,ground_truth,8.0,1.0256410256410255,27.0,4.0,0.9743589743589743,9.0,40
disc202207130102,ground_truth,6.0,1.2564102564102564,17.0,3.0,0.7692307692307693,8.0,40
disc202207130103,ground_truth,4.0,1.3333333333333333,30.0,4.0,1.3846153846153846,6.0,40
disc202208110101,ground_truth,17.0,1.564102564102564,51.0,4.0,0.8461538461538461,22.0,40
disc202208230101,ground_truth,7.0,1.0,32.0,9.0,1.6923076923076923,11.0,40
disc202209080102,ground_truth,4.0,1.1025641025641026,33.0,3.0,0.8717948717948718,8.0,40
disc202209080104,ground_truth,3.0,1.0,21.0,4.0,1.3333333333333333,13.0,40
disc202209080105,ground_truth,3.0,1.0256410256410255,23.0,3.0,0.9230769230769231,15.0,40
disc202209080106,ground_truth,6.0,0.717948717948718,25.0,5.0,0.7692307692307693,14.0,40
disc202209080107,ground_truth,9.0,1.205128205128205,42.0,3.0,0.7435897435897436,5.0,40
disc202210060103,ground_truth,8.0,1.0769230769230769,40.0,2.0,0.7948717948717948,6.0,40
disc202210060201,ground_truth,11.0,1.5897435897435896,51.0,6.0,0.8205128205128205,14.0,40
disc202210060203,ground_truth,14.0,1.6666666666666667,61.0,2.0,0.5897435897435898,9.0,40
disc202210110103,ground_truth,7.0,1.0256410256410255,38.0,3.0,0.5384615384615384,13.0,40
disc202210110105,ground_truth,8.0,1.7179487179487178,49.0,5.0,1.1025641025641026,19.0,40
disc202210110202,ground_truth,5.0,1.6153846153846154,40.0,3.0,0.8717948717948718,20.0,40
disc202210110203,ground_truth,5.0,0.6153846153846154,20.0,3.0,1.1538461538461537,14.0,40
disc202210110204,ground_truth,10.0,1.2564102564102564,49.0,3.0,0.4358974358974359,15.0,40
disc202210110205,ground_truth,2.0,0.23076923076923078,5.0,2.0,0.1794871794871795,3.0,40
disc202210110206,ground_truth,6.0,1.1538461538461537,43.0,4.0,0.7948717948717948,8.0,40
disc202210120101,ground_truth,6.0,1.358974358974359,30.0,3.0,0.8974358974358975,11.0,40
disc202210120103,ground_truth,6.0,0.6923076923076923,27.0,2.0,0.46153846153846156,8.0,40
disc202210130101,ground_truth,8.0,0.8205128205128205,32.0,5.0,0.8717948717948718,34.0,40
disc202210200103,ground_truth,3.0,0.7692307692307693,18.0,6.0,1.5384615384615385,29.0,40
disc202210200104,ground_truth,5.0,1.0,21.0,2.0,0.717948717948718,4.0,40
disc202210200105,ground_truth,3.0,0.717948717948718,26.0,3.0,0.6153846153846154,8.0,40
disc202210200201,ground_truth,7.0,1.2564102564102564,37.0,8.0,1.8461538461538463,10.0,40
disc202210200205,ground_truth,6.0,0.6153846153846154,24.0,3.0,0.38461538461538464,8.0,40
disc202210200302,ground_truth,5.0,0.6410256410256411,25.0,3.0,0.4358974358974359,11.0,40
disc202212020102,ground_truth,8.0,1.205128205128205,42.0,3.0,0.8717948717948718,10.0,40
disc202212020103,ground_truth,6.0,1.7692307692307692,51.0,2.0,0.6410256410256411,10.0,40
disc202212020104,ground_truth,3.0,0.38461538461538464,15.0,2.0,0.4358974358974359,3.0,40
disc202212020203,ground_truth,12.0,1.6153846153846154,61.0,3.0,1.0,23.0,40
disc202301160101,ground_truth,2.0,0.3076923076923077,12.0,3.0,0.41025641025641024,10.0,40
disc202301160103,ground_truth,3.0,0.5128205128205128,18.0,4.0,0.7692307692307693,16.0,40
disc202301160104,ground_truth,4.0,0.3076923076923077,12.0,2.0,0.38461538461538464,7.0,40
disc202302070203,ground_truth,5.0,0.8205128205128205,32.0,4.0,0.7435897435897436,22.0,40
disc202302070204,ground_truth,4.0,0.8461538461538461,24.0,2.0,0.48717948717948717,11.0,40
disc202302070301,ground_truth,3.0,0.4358974358974359,15.0,2.0,0.2564102564102564,8.0,40
disc202302070402,ground_truth,5.0,1.3333333333333333,50.0,2.0,0.38461538461538464,14.0,40
disc202302090401,ground_truth,7.0,0.8205128205128205,32.0,2.0,0.5641025641025641,11.0,40
disc202302140202,ground_truth,3.0,0.4358974358974359,17.0,4.0,0.358974358974359,5.0,40
disc202302140301,ground_truth,4.0,0.5384615384615384,21.0,5.0,0.5384615384615384,19.0,40
disc202302140302,ground_truth,9.0,1.0256410256410255,40.0,8.0,1.0512820512820513,34.0,40
disc202302210304,ground_truth,3.0,0.3076923076923077,12.0,1.0,0.1282051282051282,3.0,40
disc202302210305,ground_truth,3.0,0.5384615384615384,21.0,3.0,0.6410256410256411,5.0,40
disc202302220301,ground_truth,5.0,0.9230769230769231,28.0,5.0,0.6410256410256411,17.0,40
disc202302220302,ground_truth,4.0,0.7435897435897436,29.0,4.0,0.5897435897435898,14.0,40
disc202302220304,ground_truth,6.0,0.6923076923076923,27.0,2.0,0.5384615384615384,10.0,40
disc202302220305,ground_truth,5.0,0.8461538461538461,25.0,3.0,0.46153846153846156,17.0,40
disc202302220403,ground_truth,5.0,1.2820512820512822,20.0,3.0,0.5384615384615384,5.0,40
disc202302230102,ground_truth,2.0,0.07692307692307693,3.0,1.0,0.07692307692307693,3.0,40
disc202302230202,ground_truth,6.0,1.0512820512820513,41.0,3.0,0.6153846153846154,16.0,40
disc202302230203,ground_truth,11.0,1.4615384615384615,55.0,2.0,0.5897435897435898,8.0,40
disc202302230204,ground_truth,4.0,0.6923076923076923,23.0,3.0,0.5641025641025641,5.0,40
disc202302230205,ground_truth,8.0,1.3846153846153846,54.0,3.0,0.5641025641025641,5.0,40
disc202302230206,ground_truth,9.0,1.6666666666666667,65.0,2.0,0.46153846153846156,4.0,40
disc202303020101,ground_truth,5.0,0.9230769230769231,36.0,2.0,0.3333333333333333,2.0,40
disc202303020102,ground_truth,5.0,1.0512820512820513,36.0,4.0,0.8205128205128205,14.0,40
disc202303020103,ground_truth,6.0,0.9230769230769231,32.0,2.0,0.5384615384615384,5.0,40
disc202303020104,ground_truth,3.0,0.5897435897435898,23.0,3.0,0.3333333333333333,7.0,40
disc202303020105,ground_truth,4.0,0.717948717948718,25.0,3.0,0.8205128205128205,15.0,40
disc202303020106,ground_truth,4.0,0.9487179487179487,35.0,2.0,0.46153846153846156,10.0,40
disc202303020201,ground_truth,2.0,0.41025641025641024,14.0,3.0,0.3333333333333333,7.0,40
disc202303020202,ground_truth,5.0,0.9487179487179487,37.0,2.0,0.3333333333333333,8.0,40
disc202303020203,ground_truth,3.0,0.23076923076923078,9.0,2.0,0.23076923076923078,3.0,40
disc202303020205,ground_truth,2.0,0.358974358974359,14.0,2.0,0.15384615384615385,4.0,40
disc202303020301,ground_truth,7.0,1.3333333333333333,48.0,4.0,0.6410256410256411,19.0,40
disc202303020303,ground_truth,4.0,0.6666666666666666,26.0,4.0,0.5128205128205128,15.0,40
disc202303090201,ground_truth,5.0,0.45,18.0,3.0,0.25,10.0,41
disc202303140101,ground_truth,5.0,0.7948717948717948,31.0,5.0,0.6410256410256411,23.0,40
disc202303140201,ground_truth,5.0,1.1538461538461537,45.0,3.0,0.6666666666666666,20.0,40
disc202303140202,ground_truth,3.0,0.5641025641025641,20.0,8.0,0.8974358974358975,35.0,40
disc202303140301,ground_truth,4.0,0.6153846153846154,24.0,6.0,0.7692307692307693,30.0,40
disc202303140302,ground_truth,4.0,0.6410256410256411,15.0,4.0,1.1282051282051282,11.0,40
disc202303140303,ground_truth,10.0,0.9487179487179487,37.0,6.0,0.7948717948717948,30.0,40
disc202303140304,ground_truth,9.0,1.641025641025641,64.0,2.0,0.5128205128205128,8.0,40
disc202303140306,ground_truth,12.0,1.3076923076923077,51.0,4.0,0.6410256410256411,13.0,40
disc202404180201,ground_truth,3.0,0.38461538461538464,6.0,5.0,0.6153846153846154,6.0,40
disc202404180202,ground_truth,2.0,0.5384615384615384,12.0,2.0,0.358974358974359,3.0,40
disc202404250104,ground_truth,2.0,0.48717948717948717,19.0,2.0,0.48717948717948717,5.0,40
disc202404250105,ground_truth,3.0,0.28205128205128205,11.0,1.0,0.1794871794871795,5.0,40
disc202404250202,ground_truth,5.0,0.4358974358974359,17.0,3.0,0.28205128205128205,6.0,40
disc202404250204,ground_truth,3.0,0.5128205128205128,20.0,2.0,0.23076923076923078,4.0,40
disc202404250301,ground_truth,3.0,0.717948717948718,26.0,3.0,0.23076923076923078,5.0,40
disc202404250302,ground_truth,5.0,1.0512820512820513,41.0,2.0,0.3333333333333333,5.0,40
disc202404250303,ground_truth,3.0,0.5641025641025641,22.0,2.0,0.4358974358974359,6.0,40
disc202404250304,ground_truth,2.0,0.15384615384615385,6.0,2.0,0.1282051282051282,4.0,40
disc202405010203,ground_truth,1.0,0.05128205128205128,2.0,2.0,0.1794871794871795,3.0,40
